,Date_and_Time,Tweet_Id,User,Tweet,Like_Count,Retweet_Count,Lang,Location,Country
0,2022-07-31 18:37:50+00:00,1553812196060274690,KeyWestPsychic,All the food I‚Äôm going to be making is from https://t.co/aI9JlmPUVo. It‚Äôs all fitness people that post recipes. I o‚Ä¶ https://t.co/ehkk5XV1wD,0,0,en,üá®üá¶Canada,Canada
1,2022-07-30 22:07:43+00:00,1553502628000448512,MathieuChiasson,"@SBakerMD The guy feed his dog a vegan diet... He is actually an ethical vegan disguised as a ""doctor"" who does it‚Ä¶ https://t.co/HMeayAkpg5",0,0,en,Canada,Canada
2,2022-07-30 13:50:54+00:00,1553377596674637824,Mysticienne,@nonbinarybooty Eating a diet of whole plant foods has been historically known as a peasant's diet. I have lived be‚Ä¶ https://t.co/B6vorh18ZY,0,0,en,Canada,Canada
3,2022-07-30 09:04:52+00:00,1553305613769224192,PettyWalrus,I need answers on the McDonald‚Äôs thing bc how did we go from vegan diet promo to McDonald‚Äôs collaborations,2,0,en,Canada,Canada
4,2022-07-30 09:00:26+00:00,1553304498390503424,PettyWalrus,At least we‚Äôre finally out of the vegan diet era no more fear of another cursed GMA event again,0,0,en,Canada,Canada
5,2022-07-30 06:03:15+00:00,1553259909868687361,emj0415,@nonbinarybooty my dad was forced into a vegan diet for his heart. i‚Äôm just so thankful for vegans driving up aware‚Ä¶ https://t.co/QtVABCsqS2,4,0,en,Canada,Canada
6,2022-07-29 22:44:01+00:00,1553149374020157442,MathieuChiasson,@TheNutrivore @pufadave @LukeLac00913475 The implied nutritional hole from a pure vegan diet.,0,0,en,Canada,Canada
7,2022-07-29 19:13:46+00:00,1553096464275894272,manicbookkeeper,@WBrettWilson Most people who follow a plant based diet read the labels. I don‚Äôt this statement is a true represent‚Ä¶ https://t.co/a1SnImmXV6,0,0,en,Canada,Canada
8,2022-07-28 17:01:18+00:00,1552700739058749440,nafsikasgarden,"Add our vegan cheddar cheese to your next recipe and experience the deliciousness! üßÄüå±üòã
.
.
#comfortfood‚Ä¶ https://t.co/0VTPeRyYPz",0,0,en,Canada,Canada
9,2022-07-26 16:58:59+00:00,1551975378092077056,nafsikasgarden,"Taco Tuesday is here! üåÆüòã Enjoy your favourite tacos with our vegan cheese üßÄüå± 
Via: ohrngtn on IG
.
.
#comfortfood‚Ä¶ https://t.co/MVwKykAu9W",0,0,en,Canada,Canada
10,2022-07-26 06:42:15+00:00,1551820175040581633,crusaderx2,"@bevedoni @elonmusk ..and Trump aborts plans to initiate NHSTA review of autopilot, all while losing 80 lbs in 3 we‚Ä¶ https://t.co/iKe0F6dou7",0,0,en,Canada,Canada
11,2022-07-26 02:36:10+00:00,1551758244074356736,healthstepsonly,"Why a plant-based diet could be your answer to a healthier, happier life in 2022 #Food #plantbased   https://t.co/QMwzkDZN9A",0,0,en,Canada,Canada
12,2022-07-25 13:21:43+00:00,1551558313946615808,KeyWestPsychic,"Other vegans told me that they would feel weak, have low iron, and their hair would fall out from not eating meat.‚Ä¶ https://t.co/CSO7jbF0pt",0,0,en,üá®üá¶Canada,Canada
13,2022-07-24 19:11:15+00:00,1551283889502425089,LibertasIustis,"@captainpylon @DavidBellamyUK Yeah but I'm thinking of the person washing the floors, not their fault ü§£ü§£ü§£ and the c‚Ä¶ https://t.co/OZ82VEXMZE",0,0,en,Canada,Canada
14,2022-08-03 12:23:23+00:00,1554805127189594113,kittendrawers,"@SkeloGlizzy @Wes_Talley @MetroUK Funny thing is,my diet is mostly vegetarian,which is completely healthy and achie‚Ä¶ https://t.co/CPrgZa4Lqs",1,0,en,United States,US
15,2022-08-03 11:45:10+00:00,1554795507742130177,RobotPeston,The man who used to live in David Cameron's house simply insisted that I tell you that post-Brexit the government w‚Ä¶ https://t.co/TC8Rf6PyLj,0,0,en,Westminster,US
16,2022-08-03 07:15:22+00:00,1554727609753169920,Grown_Simba27,@murujUP @Cbo78 @OLarsenB @ZubyMusic @NBCNews The vegan diet is the NWO diet so I can definitely see it being an ag‚Ä¶ https://t.co/YvV6Oow1Tn,0,0,en,DENVER CO,US
17,2022-08-03 01:57:14+00:00,1554647551508455427,RockAppleWood,"@Lmarie0808 @_celia_bedelia_ If you and your vulgar mouth want to pick a fight about diets, then pick on me instead‚Ä¶ https://t.co/0vTm4UCTBH",0,0,en,USA,US
18,2022-08-02 22:47:10+00:00,1554599716373073921,ChicagoPlantEat,"Vibrant colors represent the wide array of vitamins, minerals, antioxidants, phytonutrients, macronutrients...essen‚Ä¶ https://t.co/pNZTCcQF2K",2,0,en,USA,US
19,2022-08-02 21:32:37+00:00,1554580958485045250,True__LeROy,@SnoflakeScalper @Rockemsrazor @davinciXtweets @NBCNews He prob feeds his animals a vegan diet when vets will liter‚Ä¶ https://t.co/49Xwx65Hmm,0,0,en,"Denver, CO",US
20,2022-08-02 16:28:23+00:00,1554504394657243138,dearaSeattle,@Theo_TJ_Jordan @IsaiahLCarter Hard to read it any other way this year when there is a massive push to destroy food‚Ä¶ https://t.co/T3vqil2pz2,1,0,en,"Pacific Coast, USA",US
21,2022-08-02 14:20:41+00:00,1554472256566444033,OrganicLiveFood,As a society we need to change our attitude when it comes to #nutrition and we should make nutrition the primary pr‚Ä¶ https://t.co/MtLZDN11ig,72,28,en,US,US
22,2022-08-02 13:20:38+00:00,1554457146422697988,OrganicLiveFood,#Diet and #exercise work together and are 6 folds more effective if u exercise and eat a #healthy diet:‚Ä¶ https://t.co/nnljCae6Ol,21,9,en,US,US
25,2022-08-02 07:15:10+00:00,1554365172009123841,RobotPeston,All 17 ex-members of the Sugababes revealed a tattoo which read: post-Brexit the government will look to force at l‚Ä¶ https://t.co/PNQbGmhp9M,0,0,en,Westminster,US
26,2022-08-02 04:56:22+00:00,1554330241094496257,ilovesparky3,"@YOURESODEAD Weight loss is based almost entirely on your diet, and the vegan diet isn‚Äôt inherently healthy.",0,0,en,United States,US
27,2022-08-02 03:12:08+00:00,1554304009556598784,sum1calleddude,"@RNCResearch Does anyone in the Democrat party speak in complete thoughts anymore? 

I'm so tired of word salads, I‚Ä¶ https://t.co/Wf2TivcifV",1,0,en,United States,US
28,2022-08-02 02:47:10+00:00,1554297727093186560,ChicagoPlantEat,"Great interview of Drs Kim Williams &amp; Caldwell Esselstyn, both pillars in the medical community extolling the benef‚Ä¶ https://t.co/EDeRRM1k2z",3,0,en,USA,US
29,2022-08-02 01:21:13+00:00,1554276097432379392,Geiiga,@TallYouBack This fits with the reasons I keep to a primarily vegan diet but have a customer loyalty card for the b‚Ä¶ https://t.co/ffKpzHektf,1,0,en,Kansas,US
30,2022-08-01 23:47:39+00:00,1554252549439602711,kcrawford86,According to plant-based physician Dr. Mills what you eat affects your health more than we might think.‚Ä¶ https://t.co/VTLR8G9iw7,0,0,en,"Missouri, USA",US
31,2022-08-01 21:21:18+00:00,1554215722343096323,WaistlessAxe,@AintNoPigeon @kabuto_beetle @mahinalvr @AmieWohrer @NBCNews Oh like the person who put their infant on a vegan die‚Ä¶ https://t.co/b5tBk37JSO,2,0,en,United States,US
32,2022-08-01 18:54:34+00:00,1554178795778752514,BodyBuilding_SP,"2022 Wimbledon finalists Novak Djokovic and Nick Kyrgios were, unusually, both vegan ‚Äì here's how a plant-based die‚Ä¶ https://t.co/ZxIUsMOhFu",0,0,en,United States,US
33,2022-08-01 18:44:17+00:00,1554176207519875072,PorchSong,"@Babygravy9 Plants were the first to use biological warfare.  They didn't want to be eaten, so they produced anti-n‚Ä¶ https://t.co/8LY2u99Nf8",0,0,en,"Denver, CO",US
35,2022-08-01 13:21:21+00:00,1554094936991178752,OrganicLiveFood,Try lemon fast #diet for 10 days: https://t.co/iOxjurLkqu The #lemon fast diet known as Master #Cleanse or Maple Sy‚Ä¶ https://t.co/v5BhoGUP4q,92,25,en,US,US
36,2022-08-01 13:21:13+00:00,1554094905865166850,OrganicLiveFood,How high dose of vitamin C fight and destroy #cancer cells? https://t.co/am4K2C41Mk Intravenous #VitaminC for Cance‚Ä¶ https://t.co/jyzasiRoiQ,24,12,en,US,US
37,2022-08-01 12:20:31+00:00,1554079628062490625,OrganicLiveFood,Take care of your body and it will take care of you; how to boost your #immunesystem and improve your overall‚Ä¶ https://t.co/KKJolGhxSP,63,29,en,US,US
38,2022-08-01 11:47:09+00:00,1554071232605192193,ChicagoPlantEat,The REAL Health Movement is growing!  Whether your health issue is heart health or diabetes or any of a number of O‚Ä¶ https://t.co/KkamCeh2Hs,0,0,en,USA,US
39,2022-08-01 11:11:43+00:00,1554062312973209607,CarrieK780,"@Bee75Mo Mushrooms, beans, and nuts certainly  are a huge staple for a vegan diet. Besides being delicious they are‚Ä¶ https://t.co/vaCeXvsZPG",1,0,en,United States,US
40,2022-08-01 09:59:40+00:00,1554044183094202369,TheRealHyena,"@libertybroad So, when SHTF im not supposed to take stock of who eats a ton of processed food, Eats healthy and who‚Ä¶ https://t.co/m0JXv8Jdrq",2,0,en,United States,US
41,2022-08-01 03:26:18+00:00,1553945187084378113,Sammibunny23,"The next time some douche-faggot tries to woo me by saying they'll ""put me on a gluten-free diet,"" all i have to sa‚Ä¶ https://t.co/2VyHxegjIX",0,0,en,United States,US
42,2022-08-01 03:00:17+00:00,1553938639335424000,Butterfly329,Nonwhite Americans are eating less meat. Vegan activists of color explain why https://t.co/9HfGrUxWdq,1,0,en,USA,US
43,2022-08-01 01:51:05+00:00,1553921225335812097,shootwithscoot,@LakersNation That vegan diet don‚Äôt do these athletes no justice.,0,0,en,"Nevada, USA",US
44,2022-08-01 01:12:17+00:00,1553911462086819840,Butterfly329,"Might check this out this evening. 

The End of Meat (1080p) FULL DOCUMENTARY - vegan, Diet, Vegetarian https://t.co/9GRKmFL7Gf via @YouTube",2,1,en,USA,US
45,2022-08-01 00:24:56+00:00,1553899547453034496,abdalsunshine,"@SimplyCasualz @Just_LAW9 @ostonox @hasanthehun Nope! Typically chickens eat whatever they find around them, so tha‚Ä¶ https://t.co/rLl0rTRKUf",1,0,en,"So Cal, USA",US
46,2022-08-01 00:19:06+00:00,1553898079694295041,kallianeria,really glad i‚Äôm finally out of the vegan/vegetarian diet. i don‚Äôt have regrets but i do wish i was smarter about my‚Ä¶ https://t.co/VZT3Mrsy7W,12,0,en,United States,US
47,2022-07-31 22:32:39+00:00,1553871288288137216,Design_Folklore,"‚ÄúAs a society we've been brainwashed into thinking that a vegan diet is extreme.‚Äù

‚Äì @theperfectbuzz

https://t.co/ByqcUlcUcB",1,0,en,United States,US
48,2022-07-31 19:28:00+00:00,1553824819195551744,OrganicLiveFood,How to keep your #metabolism working at an optimal level to enjoy the benefits of ideal body #weight and good energ‚Ä¶ https://t.co/cBx9cMALD5,75,27,en,US,US
49,2022-07-31 16:12:12+00:00,1553775546026311680,kniggliator,"@NutritionalThe3 The Italians have always gotten this issue right.  A vegan diet is unsuitable for children, even your own.",2,0,en,"Belton, MO",US
50,2022-07-31 15:58:58+00:00,1553772214926860289,OmayraVelez6,"@WillemBagchus I'm much better. Tony has taken over the day-to-day in the house. I only have to cook, but he does t‚Ä¶ https://t.co/6tud7eLjKU",1,0,en,USA,US
51,2022-07-31 15:43:13+00:00,1553768250319818753,park_jammin,@veganqueenbee @catrussy So I agree that this is a multifaceted issue and they affect each other but one of those t‚Ä¶ https://t.co/u7OFPT4DI9,4,1,en,USA,US
52,2022-07-31 15:09:16+00:00,1553759707097071618,mrc314,"If I wanted to psychologically and physically torture someone, I'd advise them to follow a low-calorie, low-fat die‚Ä¶ https://t.co/s8BLqx1Zrr",28,1,en,United States,US
53,2022-07-31 15:00:02+00:00,1553757384564019202,OrganicLiveFood,Eat a diet of 50% raw foods. Raw foods help maintain a correct balance of acid/alkaline level in the body while pro‚Ä¶ https://t.co/OoH3MrQNiY,188,69,en,US,US
54,2022-07-31 05:47:12+00:00,1553618258036662273,ChicagoPlantEat,"Vibrant colors represent the wide array of vitamins, minerals, antioxidants, phytonutrients, macronutrients...essen‚Ä¶ https://t.co/SdXNIqBFc1",6,1,en,USA,US
55,2022-07-30 20:30:00+00:00,1553478034853863426,bomohammedglad,"Zinamax is food supplement helps in elimination of acne

https://t.co/piKtSfoj25

#supplement #fitness #supplements‚Ä¶ https://t.co/DuR4mh3RhF",0,0,en,United States,US
56,2022-07-30 19:57:58+00:00,1553469971962945536,PCGalloway,@ChrisLoesch We are omnivores for a reason...try feeding your do (also an omnivore) a vegan diet...he will likely be dead in 6 months.,0,0,en,US,US
58,2022-07-30 18:50:34+00:00,1553453012873625602,Verosethorns,"Animals who are omnivores or carnivores can't be 100% vegan. They need meat in their diet, and they mostly eat meat‚Ä¶ https://t.co/9c6QZYRTeJ",0,0,en,USA,US
59,2022-07-30 16:28:13+00:00,1553417189545443328,TheOtherPeterS1,"@SonnyBunch And if plants are sentient beings, a vegan diet isn't morally superior either.",1,0,en,"Denver, CO",US
60,2022-07-30 16:25:19+00:00,1553416458444611584,OrganicLiveFood,Did you know Toxic chemical in rocket fuel is found in 15 brands of #infantformula? https://t.co/XQa5ezwNRQ‚Ä¶ https://t.co/TMBg10RvxI,16,5,en,US,US
61,2022-07-30 15:25:30+00:00,1553401405146382341,OrganicLiveFood,The Power of #Nutrition: Learning to See #Food as #Medicine: https://t.co/xAhbEi1kr4 #healthyeating #organic #diet https://t.co/NQbNo6XfwV,156,47,en,US,US
62,2022-07-30 15:25:26+00:00,1553401387702157312,OrganicLiveFood,Many years after: no end in sight for clearing the #Fukushima #Nuclear #Disaster: https://t.co/1E1Omyowl6 #diet‚Ä¶ https://t.co/bpPsKptzUT,6,2,en,US,US
63,2022-07-30 14:53:03+00:00,1553393237347520513,notmollyorsilly,"I have many positive things to say about a vegan diet, but because the community is so abhorrent- I don‚Äôt.",21,0,en,United States,US
64,2022-07-30 14:47:12+00:00,1553391766149238786,ChicagoPlantEat,"One more study...inflammation markers down in just a couple of months following a whole food plant based #WFPB diet
https://t.co/wOB4FWt9ZI",2,0,en,USA,US
65,2022-07-30 14:02:32+00:00,1553380528018968577,nutritionalo,This new supplement was designed to fill nutrient gaps for consumers following a #plant-based diet. #Theralogix cal‚Ä¶ https://t.co/UL6MHLW2OL,1,0,en,United States,US
66,2022-07-30 14:01:03+00:00,1553380150825320448,USRealityCheck,"Plant-based diets, explained (to kids) : https://t.co/45C0YR0jFZ",1,0,en,USA,US
67,2022-07-30 13:40:48+00:00,1553375057799311360,7amkickoff,"For those of you on a vegetarian/vegan diet this would make an amazing torta.

1. Find a local panderia and buy som‚Ä¶ https://t.co/1Z4ssgXFnE",3,0,en,USA,US
68,2022-07-30 09:47:10+00:00,1553316260842274817,ChicagoPlantEat,"Great interview of Drs Kim Williams &amp; Caldwell Esselstyn, both pillars in the medical community extolling the benef‚Ä¶ https://t.co/ELlrkO6mSc",0,0,en,USA,US
69,2022-07-30 09:17:05+00:00,1553308688982708225,passionify,"Vegan T-Shirt Powered by Plants Tee, Plant-Based Diet , Gift for Vegan Activist, Vegetarian T-shirt, Vegan Compassi‚Ä¶ https://t.co/xKlHsOEVK9",0,0,en,United States,US
70,2022-07-30 07:00:10+00:00,1553274232917966849,RobotPeston,"Someone I absoutely haven't made up licked their finger, put it in the air and told me that post-Brexit the governm‚Ä¶ https://t.co/QzaXKFC9Ot",0,0,en,Westminster,US
71,2022-07-29 23:00:16+00:00,1553153464401907713,JamilMondiya,"Best Vegan Diet Foods in 2021; know benefits &amp; risks too 
https://t.co/32IznjEwgC https://t.co/Do6FqZzDfM",0,0,en,United States,US
72,2022-07-29 21:05:12+00:00,1553124505819693061,okihearyou,Imagining blocking someone because they made a stupid joke about being Vegan.  Weak from their diet I suppose,0,0,en,The United States of America,US
74,2022-07-29 20:30:00+00:00,1553115647755767808,bomohammedglad,"Zinamax is food supplement helps in elimination of acne

https://t.co/piKtSf6HDv

#supplement #fitness #supplements‚Ä¶ https://t.co/qmqBpS4oFe",0,0,en,United States,US
75,2022-07-29 19:41:33+00:00,1553103453613957125,coconut_cloud,"Ever wondered why should you try out our delicious and dairy-free Coconut Cloud beverages? Well, for starters, a ve‚Ä¶ https://t.co/jUBDO3Adfs",1,0,en,"Denver, CO",US
76,2022-07-29 19:10:03+00:00,1553095528061313025,standrkm,"Being vegan doesn't work, it's just another nonsense diet fad. Plenty of people are online confessing how they stop‚Ä¶ https://t.co/EeU6GqgCos",0,0,en,U.S.,US
77,2022-07-29 18:47:09+00:00,1553089766270312448,ChicagoPlantEat,The REAL Health Movement is growing!  Whether your health issue is heart health or diabetes or any of a number of O‚Ä¶ https://t.co/hNY0maO9iw,4,1,en,USA,US
78,2022-07-29 16:43:29+00:00,1553058640638124033,NFLscheme,"Honest question because I've never heard of this going well.

Has there ever been a player who has started a vegan/‚Ä¶ https://t.co/HHTFqtitja",2,0,en,"Kansas City, KS",US
79,2022-07-29 15:52:34+00:00,1553045827362234368,LoveQuercus,@SabinehazanMD @RedHillBio Amazing. I have family with Crohn‚Äôs. One is a teen boy who is in remission for 6 years e‚Ä¶ https://t.co/ULk0DSibXF,1,0,en,USA ,US
80,2022-07-29 15:25:40+00:00,1553039059521622017,OrganicLiveFood,Foods that help to boost your #Metabolism: https://t.co/H4ZSmX5Lww You cannot fix your #health until you fix your‚Ä¶ https://t.co/mg6RZduQIn,31,9,en,US,US
81,2022-07-29 15:25:36+00:00,1553039042220113920,OrganicLiveFood,How We have become a culture that considers #Twinkies n #junkfood safe but #rawmilk unsafe: https://t.co/3gtoOGOtuH‚Ä¶ https://t.co/sKLOOhOXkX,27,9,en,US,US
82,2022-07-29 15:01:32+00:00,1553032987893186562,lovetreeskk,"#follow her on #instagood #instagram for the #awesome #Health #diet #HealthyFood #plantbased #vegetables #vegan

https://t.co/HhfD9Ko0Jq",0,0,en,United States,US
83,2022-07-29 13:52:05+00:00,1553015508680654848,GotPickup,"Has anyone else noticed that women who obsess about their diet, be it raw food, vegan or gluten free, tend to be sexually repressed prudes?",49,2,en,United States,US
84,2022-07-29 11:56:57+00:00,1552986535183671303,mrc314,@BrianWiley_ She just stated macros they target. They are strongly plant-based. She also mentioned the began target‚Ä¶ https://t.co/xUDuShGQE8,2,0,en,United States,US
85,2022-07-29 07:15:10+00:00,1552915620496285696,RobotPeston,"After our weekly catchup, James Blunt hand delivered a brown envelope which contained a message suggesting that pos‚Ä¶ https://t.co/RVs1czTUZ9",0,0,en,Westminster,US
86,2022-07-29 03:59:54+00:00,1552866480043089920,dubstech,@OfTheTrees @freddytoddmusic is vegan actually healthy? theres more processed crap in vegan food than anything currently in my diet.,1,0,en,United States,US
87,2022-07-29 02:30:10+00:00,1552843897726017539,RobotPeston,A 'reliable' #downingstreetsource tipped me off that post-Brexit the government will look to force at least 30% of‚Ä¶ https://t.co/la89pABwX1,0,0,en,Westminster,US
88,2022-07-29 02:25:05+00:00,1552842618425319424,FaustianNation,"@Halcius_ @lolstupidgirl You get your information from cartoons.
https://t.co/OmdzAQZJlq",0,0,en,USA,US
89,2022-07-29 00:06:31+00:00,1552807748223373312,mommakay425,"@angryreporter @AubryAndrews ‚ÄúI don‚Äôt cheat.‚Äù
Cheats on his ‚Äúvegan‚Äù diet.
ü§£ü§£ü§£",5,0,en,United States,US
90,2022-07-28 18:47:13+00:00,1552727393776930816,ChicagoPlantEat,"Great interview of Drs Kim Williams &amp; Caldwell Esselstyn, both extolling the benefits of a plant based diet for, no‚Ä¶ https://t.co/mjmpELig54",0,0,en,USA,US
91,2022-07-28 17:58:12+00:00,1552715059767525381,SikeNawG,@ZubyMusic As a vegan myself I agree! Just live my life and let my healthier body and skin  show the results to the‚Ä¶ https://t.co/cKY5tSB5Aj,3,0,en,USA,US
92,2022-07-28 17:06:46+00:00,1552702113553125377,DrSteveMed,"All of the #macro #nutrients are important, but clean protein is what the body needs!  There are many excellent sou‚Ä¶ https://t.co/avq0zncbe7",1,1,en,USA,US
93,2022-07-28 12:47:09+00:00,1552636779848732672,ChicagoPlantEat,"Vibrant colors represent the wide array of vitamins, minerals, antioxidants, phytonutrients, macronutrients...essen‚Ä¶ https://t.co/pqeycSH2ZB",1,0,en,USA,US
94,2022-07-28 11:54:56+00:00,1552623637999468544,cathysample6,Breaking: vegan diet does not lower aggression in cows üòÇ https://t.co/MXuHR8p0R2,0,0,en,usa,US
95,2022-07-28 09:46:04+00:00,1552591206583922688,DailyHemo,"Are you ready to switch your diet to eating insects? Well, ≈∏nsect from France is offering organic, long-term sustai‚Ä¶ https://t.co/GdoryoHerk",0,0,en,USA,US
96,2022-07-28 07:39:35+00:00,1552559377948717062,Emdad_8,(2 Pack) Night Time Fat Burner - Effective Weight Loss Pills - Powerful Fat Burners for Women - Sleep Aid Diet Pill‚Ä¶ https://t.co/YF0MQrFMzX,0,0,en,United States,US
99,2022-07-27 18:35:12+00:00,1552361979368685572,DiscoverSelf,Need more #protein &amp; #fiber in your diet? Make this easy and flavorful Creamy Vegan Black #Lentils Dal Makhani. Eve‚Ä¶ https://t.co/NU01Y162yA,2,2,en,USA,US
100,2022-07-27 18:26:21+00:00,1552359756081545216,MyVegan_Reach,"When the focus is the suffering animals, going #vegan becomes easier. üå±

üö®Link in bio for How To Become Vegan &amp; Hea‚Ä¶ https://t.co/eiaAHitWi5",5,5,en,USA,US
101,2022-07-27 16:45:10+00:00,1552334288753934336,RobotPeston,A man who I'm sure has no hidden agenda told me to tell you that post-Brexit the government will look to force at l‚Ä¶ https://t.co/z9JWGRNfHk,0,0,en,Westminster,US
102,2022-07-27 16:25:31+00:00,1552329344533598211,OrganicLiveFood,"If u are struggling to #loseweight, it is time to revamp ur #diet: https://t.co/H4ZSmX5Lww Eating foods contaminate‚Ä¶ https://t.co/X08i0ID21e",56,22,en,US,US
103,2022-07-27 03:47:13+00:00,1552138512778100736,ChicagoPlantEat,A Cardiologist's story of transitioning to a plant based diet... https://t.co/7bhxnCr66E,1,0,en,USA,US
104,2022-07-27 03:34:00+00:00,1552135185612906496,mrright6977,"Best nourishment on the planet!!.. 

#supplements #fitness #health #nutrition #workout #protein #healthylifestyle‚Ä¶ https://t.co/RiD6PgxZdA",1,0,en,"Kansas City, MO",US
105,2022-07-27 03:00:09+00:00,1552126669573455873,RobotPeston,BREAKING: This morning a No.10 source told me to tell you that post-Brexit the government will look to force at lea‚Ä¶ https://t.co/TJr0rwQoWI,0,0,en,Westminster,US
106,2022-07-27 01:47:13+00:00,1552108313088778240,ChicagoPlantEat,The REAL Health Movement is growing!  Whether your health issue is heart health or diabetes or any of a number of O‚Ä¶ https://t.co/HxHhz3tFvi,1,1,en,USA,US
107,2022-07-26 23:00:10+00:00,1552066273755922434,RobotPeston,D*****c C******s  secretly passed me a tea towel on which was embroidered the following: post-Brexit the government‚Ä¶ https://t.co/4o2pOty22y,0,0,en,Westminster,US
108,2022-07-26 21:54:30+00:00,1552049750010220544,j_of_sj,"@StormyDaze1 @neednewshorts Good luck on the fast !
I don‚Äôt like doing fasts myself .
I eat a Whole Foods vegan die‚Ä¶ https://t.co/DgX0aMYqrV",2,0,en,United States,US
109,2022-07-26 21:46:40+00:00,1552047778355974145,LivingHealthy_U,"Look at this... üëÄ
 https://t.co/79WmWWKTlc via @pinterest #weightloss #weightlossjourney #soup #diet #fitness‚Ä¶ https://t.co/QNQq03fECD",0,1,en,United States,US
110,2022-07-26 20:29:00+00:00,1552028231020060673,bomohammedglad,"Zinamax is food supplement helps in elimination of acne

https://t.co/piKtSf6HDv

#supplement #fitness #supplements‚Ä¶ https://t.co/trJIiyfjF9",0,0,en,United States,US
111,2022-07-26 19:57:09+00:00,1552020215021518848,CompassCycles,@realhand952 @imbackbithes @lahstnahme @cat2cats @McDonalds That being said; the average American who is vegan is a‚Ä¶ https://t.co/Sdl9ZROdzV,0,0,en,everywhere USA,US
112,2022-07-26 18:02:26+00:00,1551991346180902916,nutritionalo,This new supplement was designed to fill nutrient gaps for consumers following a #plant-based diet. @Theralogix cal‚Ä¶ https://t.co/zvNHNV1NrW,0,0,en,United States,US
113,2022-07-26 16:25:50+00:00,1551967038096216070,OrganicLiveFood,Eat #nutrient dense #superfoods to boost your #metabolism: https://t.co/H4ZSmX5Lww You cannot fix your #health unti‚Ä¶ https://t.co/VZ0J0HIU6v,52,11,en,US,US
114,2022-07-26 14:46:48+00:00,1551942115244081155,TMennefer,Every Chick I Dated was Chunky. I put her on a Vegan Diet &amp; she got Fine. I love Chunky Chicks with Potential. üòç,0,0,en,United States,US
115,2022-07-26 13:21:40+00:00,1551920690009456640,Tetedemami,I wished fam &amp; friends didn't point out my very constant weight variations everytime they üëÄme/questioned my diet &amp;‚Ä¶ https://t.co/cJdezaLH4n,6,0,en,US,US
116,2022-07-26 11:55:53+00:00,1551899100341309441,HeartStrongCom,We are making progress!  HeartStrong is about heart health but changing to a whole food plant based diet can help d‚Ä¶ https://t.co/UnwtkCsNdj,3,0,en,United States,US
117,2022-07-26 09:21:50+00:00,1551860335748988928,eprnetwork,Rising Preference for Vegan Diet is expected to Increase the Demand for Low Calorie Vegetable Dip Globally - https://t.co/Lsv0a4GBFQ,0,0,en,US,US
118,2022-07-26 07:45:10+00:00,1551836006617415680,RobotPeston,"As recently as yesterday, David and Frederick Barclay informed me through the medium of dance that post-Brexit the‚Ä¶ https://t.co/SSU3OSRBCf",0,0,en,Westminster,US
119,2022-07-26 01:47:10+00:00,1551745913957253122,ChicagoPlantEat,"Great interview of Drs Kim Williams &amp; Caldwell Esselstyn, both extolling the benefits of a plant based diet for, no‚Ä¶ https://t.co/h6jZs6mThb",0,0,en,USA,US
120,2022-07-26 00:33:16+00:00,1551727317826797571,petevparianafan,"For #ArianaGrande, her favorite salad contains tofu, strawberries, spinach, and other ingredients illustrating her‚Ä¶ https://t.co/ba0eYMOkJc",1,0,en,United States,US
121,2022-07-26 00:30:09+00:00,1551726532300775426,RobotPeston,Someone close to Boris Johnson informed me through the medium of dance that post-Brexit the government will look to‚Ä¶ https://t.co/pVP8lW1lER,0,0,en,Westminster,US
122,2022-07-26 00:29:44+00:00,1551726426109276160,usebigears,"@Grahanimal @kazzaloveslife I promote smart farmed vegetables and limited humanly raised and butchered animals.

If‚Ä¶ https://t.co/21DLTmgEla",0,0,en,"Nevada, USA",US
123,2022-07-25 23:35:54+00:00,1551712879765766144,FedeevaOliy,"Vegan Florida mother convicted of starving toddler to death with strict raw fruits, vegetables diet #UI #diet via‚Ä¶ https://t.co/B15O9Kr9qm",0,0,en,usa,US
124,2022-07-25 21:56:46+00:00,1551687930514513921,anonrc,"@arribas_june An improper diet, dehydration, poor nutrition, improper weight management all can effect your heart,‚Ä¶ https://t.co/f7WuyOibPb",2,0,en,"So Cal, USA",US
125,2022-07-25 20:29:00+00:00,1551665843171250177,bomohammedglad,"Zinamax is food supplement helps in elimination of acne

https://t.co/piKtSf6HDv

#supplement #fitness #supplements‚Ä¶ https://t.co/V8CHwNyoCl",0,0,en,United States,US
126,2022-07-25 19:47:10+00:00,1551655317179703299,ChicagoPlantEat,"Vibrant colors represent the wide array of vitamins, minerals, antioxidants, phytonutrients, macronutrients...essen‚Ä¶ https://t.co/3uS4jDF1hk",0,0,en,USA,US
127,2022-07-25 18:44:58+00:00,1551639664917991424,2aHistory,"@S_Catsgotmyback @OurCompass @JoeAschiero @RickTheV1 That's 1 death per million kids in the UK. Pretty high.

Numbe‚Ä¶ https://t.co/p3V7uysb5O",0,0,en,Somewhere in the US,US
128,2022-07-25 16:07:32+00:00,1551600044163358720,OrganicLiveFood,Eat to #fuel your body not to feed your #emotions: https://t.co/T1Et4RdyuU #unhealthy #junkfoods #health #diet https://t.co/St2bD2aorg,25,8,en,US,US
129,2022-07-25 15:06:41+00:00,1551584730432380928,OrganicLiveFood,"Add #Nutrients like beta-carotene, #Magnesium, vitamin C/E and Selenium to ur #diet: https://t.co/Z0cExi4TOS‚Ä¶ https://t.co/PbV6PXKMD5",107,48,en,US,US
130,2022-07-25 14:06:31+00:00,1551569588059607040,OrganicLiveFood,"Age is just a number. You have three choices in life: Give up, give in, or give it all you got:‚Ä¶ https://t.co/XTbz2CPwXI",40,15,en,US,US
131,2022-07-25 14:00:56+00:00,1551568184460775424,LynLomasi,Vegan soul food expert Lyn Lomasi lists 15 healthy reasons to spice up your diet with more hot chili peppers.‚Ä¶ https://t.co/1ikrMEngJf,0,0,en,"Denver, CO",US
132,2022-07-25 12:45:00+00:00,1551549074293260289,veganboyscout,"@Schwarah95 @yourVeganStory Please watch Cowspiracy, Earthlings, The Game Changers, Food Inc, Forks Over Knives, et‚Ä¶ https://t.co/SSnFTOmMaQ",0,0,en,"Kansas City, USA",US
133,2022-07-25 09:47:10+00:00,1551504322097201152,ChicagoPlantEat,So many great reasons to plantify your diet. Great summary here... https://t.co/LGMFl6GIoM,0,0,en,USA,US
134,2022-07-25 06:00:10+00:00,1551447193940365313,RobotPeston,Lord Lucan has declared that post-Brexit the government will look to force at least 30% of the country onto a #vegan diet.,0,0,en,Westminster,US
135,2022-07-25 04:47:09+00:00,1551428818770038784,ChicagoPlantEat,"One more study...inflammation markers down in just a couple of months following a whole food plant based WFPB diet
https://t.co/wOB4FWt9ZI",1,0,en,USA,US
136,2022-07-25 01:59:37+00:00,1551386659425583111,shafess,"@VegNews Tried it once and it lasted maybe a week? I think less than that. Too expensive, time consuming, and not s‚Ä¶ https://t.co/rS1pEcrCe8",0,0,en,"West Des Moines, IA",US
137,2022-07-25 00:08:36+00:00,1551358721028243461,2aHistory,@RickTheV1 @JoeAschiero @S_Catsgotmyback You're forcing an unnatural diet onto children that can't make their own c‚Ä¶ https://t.co/SSmIRhROb5,0,0,en,Somewhere in the US,US
138,2022-07-24 23:47:11+00:00,1551353330919686144,ChicagoPlantEat,"Great interview of Drs Kim Williams &amp; Caldwell Esselstyn, both pillars in the medical community extolling the benef‚Ä¶ https://t.co/qNs6Er7qv9",3,1,en,USA,US
139,2022-07-24 23:02:28+00:00,1551342077119799296,2aHistory,"@JoeAschiero @S_Catsgotmyback @RickTheV1 I love kids too much to endorse a vegan lifestyle.

- Is there anyone who‚Ä¶ https://t.co/zpZM3AougA",1,0,en,Somewhere in the US,US
140,2022-07-24 20:30:10+00:00,1551303749120958466,RobotPeston,I secretly met with a current front bench Tory MP and they informs me that post-Brexit the government will look to‚Ä¶ https://t.co/tYnlr21FVm,0,0,en,Westminster,US
141,2022-07-24 20:28:00+00:00,1551303203635056642,bomohammedglad,"Zinamax is food supplement helps in elimination of acne

https://t.co/piKtSfoj25

#supplement #fitness #supplements‚Ä¶ https://t.co/RMlJNqwIKA",0,0,en,United States,US
142,2022-08-03 02:30:01+00:00,1554655801301925888,JagoBharathJago,"New Research Says Plant-based Diet Best for Planet and People - Our World - https://t.co/KDGLetFkJa
#Health #vegan‚Ä¶ https://t.co/sBrKxX7VRy",0,0,en,"Goregaon, Mumbai",India
143,2022-08-02 17:40:12+00:00,1554522465531035648,HealthResorce4U,Vegan Diet ‚Äì The Best Weight Loss Diet Plan https://t.co/WYyNd6I6iF,0,0,en,Kolkata,India
144,2022-08-02 03:53:17+00:00,1554314365456850944,ThunderBulll,"People who eat Traditional indian diet with Grains, eggs, Milk lives for 30 years only.

People who Follow Vegan, K‚Ä¶ https://t.co/jjZx9kO579",2,0,en,"Surat, India",India
145,2022-08-01 11:08:53+00:00,1554061602667646976,sidhant_talbar,"@rubenlal65 @Shuvo10976159 We were on veg diet for last 2 generations , probably this gen. in India has started to‚Ä¶ https://t.co/wbU09upgHa",0,0,en,IndiaüáÆüá≥,India
146,2022-08-01 08:14:04+00:00,1554017609372209152,mugdhap,"For the trolls who got triggered by my diet soda post. 

Diet soda lovers are my new vegan trolls.

I‚Äôll wait for y‚Ä¶ https://t.co/AHOKfbYJaI",4,1,en,"Pune, India",India
147,2022-08-01 02:44:27+00:00,1553934657854513154,TOPGAMING43,"Shirataki Rice, DIET COOKER Konjac Rice 10 Pack Inside, Keto &amp; Vegan Friendly, 9.52 oz, Odor Free, Low Calorie, Zer‚Ä¶ https://t.co/kKzBYRsW3i",0,0,en,"Pune, India",India
148,2022-07-31 16:16:37+00:00,1553776656988672000,DealBeeOfficial,"Coconut Flour | Coconut Atta | Paleo, Keto Diet | Natural, Grain Free Flour | Ultra Low Carb, High Fat Coconut Flou‚Ä¶ https://t.co/2g8w3CXk6L",0,0,en,India,India
149,2022-07-31 16:00:00+00:00,1553772475745718272,healthmall_in,"What our buyer say;
Diet &amp; Vegan food supplements are available;
https://t.co/0Zfggxz6tY
Hurry Up, Buy Now at Disco‚Ä¶ https://t.co/xZZHAR9wxL",0,0,en,"Mumbai, India",India
150,2022-07-31 13:46:29+00:00,1553738873276010496,hobbyherbs,"Celebrate this teej with hobbg herbs

üí´ Add Highly Nutrition food to your diet.

https://t.co/H1do1KGylE

‚û°Ô∏è Availa‚Ä¶ https://t.co/7FWxrJZbSk",0,0,en,India,India
151,2022-07-31 13:11:03+00:00,1553729959554056193,JagoBharathJago,‚Äò#LifeCycle analyses shows a plant-based diet is most #nutritious with least #environmental impacts‚Äô‚Ä¶ https://t.co/SGvyT8Yl2v,2,2,en,"Goregaon, Mumbai",India
152,2022-07-31 13:02:01+00:00,1553727686136467456,impactology,"Vegan in the Philippines: how plant-based diet is spreading in a country that loves its meat dishes 

https://t.co/V0U2Mi429p via @scmpnews",0,0,en,"Mumbai, India",India
153,2022-07-30 17:21:40+00:00,1553430638463795201,justryin2live,"@LeeWaun Wish I could be a vegan, but my family has issues with low blood sugar. I wasn't a big meat eater as a kid‚Ä¶ https://t.co/NNECiKKlX0",0,0,en,Indy,India
154,2022-07-30 17:19:17+00:00,1553430040473350146,mugdhap,"What‚Äôs the best diet for you? 

Carnivore  ‚ùå
Vegan‚ùå
Keto  ‚ùå
CICO ‚ùå
Low Carb ‚ùå
Low Fat ‚ùå
Grandmom‚Äôs Diet ‚ùå

Diet tai‚Ä¶ https://t.co/r5a1LeVoU3",7,3,en,"Pune, India",India
155,2022-07-30 14:16:25+00:00,1553384019106344966,healthmall_in,"Diet &amp; Vegan food supplements are available;
https://t.co/0Zfggxz6tY
Hurry Up, Buy Now at Discounted Rate
Call Us N‚Ä¶ https://t.co/qjt8SMCPNe",0,0,en,"Mumbai, India",India
156,2022-07-30 14:14:45+00:00,1553383600485441538,healthmall_in,"All type of diet &amp; vegan food supplements are available;
https://t.co/0Zfggxz6tY
Hurry Up, Buy Now at Discounted Ra‚Ä¶ https://t.co/2h9vyDPFqE",0,0,en,"Mumbai, India",India
157,2022-07-30 13:05:52+00:00,1553366265422495744,ORTHODOX_MIND,@ShayarImran Congress constitution states all leaders must resist alcohol and adopt vegan diet.... PR isit only for PCC presidents?,0,0,en,Indian subcontinent,India
158,2022-07-30 09:01:33+00:00,1553304781870903296,Agnyastra,@samarrkf Anything &gt; a vegan diet,1,0,en,"Mumbai, India",India
159,2022-07-30 07:44:41+00:00,1553285436214489090,SouravC90626778,@yourVeganStory Sweetie vegan or following vegan diet is not a social thing it‚Äôs a choice‚Ä¶let no one judge you for that,0,0,en,"Maharashtra, India",India
160,2022-07-29 18:04:05+00:00,1553078926628384769,sandip846,"Dogs may be famous meat lovers, but canines who follow a vegan diet might be a bit healthier, a new survey suggests‚Ä¶ https://t.co/NFon8PHePl",0,0,en,Kolkata,India
161,2022-07-29 05:02:27+00:00,1552882222331760640,trainwithaxy,"Plant based protein supplement options! ü•¶üèãÔ∏è‚Äç‚ôÄÔ∏è

If you follow a plant-based diet, your plant protein options includ‚Ä¶ https://t.co/oazdI4Yr9v",0,0,en,"Pune, India",India
162,2022-07-29 03:30:01+00:00,1552858960449110016,JagoBharathJago,"According to the University of #Oxford:
Going #Vegan is the single biggest thing anyone of us can do to halt‚Ä¶ https://t.co/sk8e9GOxOl",1,1,en,"Goregaon, Mumbai",India
163,2022-07-28 16:19:19+00:00,1552690174332526592,_aashana,"I sometimes cheat on my vegan diet -
but I'm trying, I really am. 
I'll get there, you'll see üòîü§ûüèª",0,0,en,India,India
164,2022-07-28 02:44:00+00:00,1552484990721462273,Oneindia,"What is a #VeganDiet and what are it's benefits?
https://t.co/KdsCNJdQJA",0,0,en,India,India
165,2022-07-27 18:21:11+00:00,1552358453775335424,brave_1,When Rohan Gavaskar tries to be Virat Kohli by going on a vegan diet........... https://t.co/3sFEjSUDdB,3,0,en,India,India
166,2022-07-27 12:37:32+00:00,1552271973203357697,Themis_100,"traditional Indian vegetarian diet (unlike vegan) includes dairy (milk, yoghurt etc) which are sources of B12.. https://t.co/GGoBthX5Jp",2,0,en,India,India
167,2022-07-27 08:24:02+00:00,1552208175696293888,SLSVIndia,"PLANT-BASED DIET BETTER THAN KETO FOR CANCER PREVENTION, RESEARCH SHOWS 

https://t.co/KzhR84iv6l

 #SLSV‚Ä¶ https://t.co/Nywcpwv4SD",6,2,en,Mumbai,India
168,2022-07-27 07:16:27+00:00,1552191166531006464,ratneshkjain,@SandeepMall recently met a dietician who put me on a vegan diet (No milk/milk products) - my sugar level came down‚Ä¶ https://t.co/pBzZxbGFfI,2,0,en,"Mumbai, India",India
169,2022-07-27 04:21:42+00:00,1552147191091048449,Ajx66666540,"@Ravisutanjani Seeing the number of retweets and comments,  I had to first go and check your profile.
And for sure‚Ä¶ https://t.co/4VCa4Q0k9l",0,0,en,,India
170,2022-07-26 09:11:08+00:00,1551857642988941312,reverse_factor,"Did you know?ü§î

Health is a result of investing in good nutrition. 
.
Join our WhatsApp group for more such health‚Ä¶ https://t.co/3pLqNi72RF",0,0,en,"India, Kolkata ",India
171,2022-07-25 16:39:52+00:00,1551608181050462213,plant_made,Intuitive eating is a mental kind of diet that doesn‚Äôt focus on the type of food you are consuming but is rather ab‚Ä¶ https://t.co/2X9RTEzzXR,0,0,en,India,India
172,2022-07-25 09:50:03+00:00,1551505046424023041,lucidillusions_,"@shirinmehrotra @thresholdrose i would imagine London has better services for wildlife protection o_o 

I remember‚Ä¶ https://t.co/VqWL5WmbN0",0,0,en,"Mumbai, India",India
173,2022-07-25 07:34:27+00:00,1551470920459436032,Sanjay_Patil__,"@KaduAmol @Roney4DF @Animalrights616 Agree with you Amol.. I have seen people in the US who follow vegan diet, don'‚Ä¶ https://t.co/9JZdgqYKUQ",1,0,en,India,India
174,2022-07-25 03:54:13+00:00,1551415498268483588,reverse_factor,"Myth Breaker‚ùå
Let us know if it is True or False üëá
.
Join our WhatsApp group for more such health tips

Link -‚Ä¶ https://t.co/bEqI0V2tXP",0,0,en,"India, Kolkata ",India
175,2022-07-25 03:35:24+00:00,1551410762647609345,reverse_factor,"Did you know?ü§î

Health is a result of investing in good nutrition. 
.
Join our WhatsApp group for more such health‚Ä¶ https://t.co/4R3seMT2RH",0,0,en,"India, Kolkata ",India
176,2022-07-25 00:14:59+00:00,1551360325181587456,dontbehumble,@ultrarotom @rashidakhan1977 Vegan alternatives of chicken are made for people with weak will who cannot control th‚Ä¶ https://t.co/p7hraTFspg,1,0,en,Mumbai,India
